اليوم,الفجر - بصمة المصلي,الظهر - قصة آية,العصر - سيرة ولي,المغرب - جواهر الكلم,العشاء - فزورة رمضانية
1,"سبحان الله وبحمده سبحان الله العظيم","آية الكرسي: نزلت في فضل هذه الآية، روي أنها تحفظ من قرأها من كل سوء، وهي أعظم آية في القرآن. (سورة البقرة: الآية 255)","نبي الله إدريس عليه السلام من أوائل الأنبياء الذين بعثهم الله لهداية البشر. كان صديقاً نبياً صابراً عابداً، علّم الناس الكتابة بالقلم والخياطة وعلوم الفلك. عاش حياة مليئة بالطاعة والعبادة، فرفعه الله مكاناً علياً كما ذكر في القرآن: وَرَفَعْنَاهُ مَكَانًا عَلِيًّا. قيل إنه أول من خط بالقلم وأول من خاط الثياب ولبسها، وكان قبل نوح عليه السلام.","من صلى على النبي صلى الله عليه وسلم مرة واحدة صلى الله عليه بها عشراً","ما هو الشهر الذي إذا حذفت أوله أصبح اسم فاكهة؟ (الجواب: رمضان - مضان)"
2,"لا إله إلا الله وحده لا شريك له","سورة الإخلاص: نزلت رداً على المشركين الذين سألوا النبي عن صفة ربه، فأنزل الله هذه السورة بياناً لتوحيده. (سورة الإخلاص كاملة)","نبي الله نوح عليه السلام أول رسول بعثه الله إلى أهل الأرض بعد آدم. دعا قومه إلى عبادة الله وحده تسعمائة وخمسين سنة بالحكمة والموعظة الحسنة، لكنهم استكبروا وسخروا منه. لم ييأس نوح بل استمر في الدعوة بصبر عظيم. أمره الله ببناء السفينة فبناها رغم سخرية قومه، ثم جاء الطوفان فأغرق الكافرين ونجى الله نوحاً ومن آمن معه. قال تعالى: وَلَقَدْ أَرْسَلْنَا نُوحًا إِلَىٰ قَوْمِهِ فَلَبِثَ فِيهِمْ أَلْفَ سَنَةٍ إِلَّا خَمْسِينَ عَامًا.","إنما الأعمال بالنيات وإنما لكل امرئ ما نوى","كم عدد أركان الإسلام؟ (الجواب: خمسة أركان)"
3,"أستغفر الله العظيم وأتوب إليه","آية النور: نزلت في حادثة الإفك لتبرئة السيدة عائشة من الاتهام الباطل، وفيها تعليم للمؤمنين بالتثبت من الأخبار قبل نشرها. (سورة النور: الآية 11)","نبي الله إبراهيم عليه السلام خليل الرحمن وأبو الأنبياء. نشأ في قوم يعبدون الأصنام، فدعاهم إلى التوحيد بالحكمة والبرهان. حطم أصنامهم ليثبت عجزها، فألقوه في نار عظيمة فجعلها الله عليه برداً وسلاماً. هاجر إلى الشام ثم مصر، وابتلاه الله بذبح ابنه إسماعيل فاستسلم لأمر الله، فافتداه الله بكبش عظيم. بنى الكعبة المشرفة مع ابنه إسماعيل، ودعا الله أن يبعث في ذريتهم رسولاً. قال تعالى: وَإِذِ ابْتَلَىٰ إِبْرَاهِيمَ رَبُّهُ بِكَلِمَاتٍ فَأَتَمَّهُنَّ.","من نفس عن مسلم كربة نفس الله عنه كربة من كرب يوم القيامة","ما هو الركن الوحيد في الكعبة الذي يُستلم ويُقبل؟ (الجواب: الحجر الأسود)"
4,"اللهم أنت ربي لا إله إلا أنت","آية الدين: أطول آية في القرآن الكريم، نزلت في شأن المداينة والبيع بالأجل، فيها أمر بكتابة الديون وإشهاد الشهود حفظاً للحقوق. (سورة البقرة: الآية 282)","نبي الله هود عليه السلام أرسله الله إلى قوم عاد الذين كانوا يسكنون الأحقاف. كان قومه أقوياء الأجسام، بنوا المدن العظيمة والقصور الشاهقة، وتجبروا في الأرض وظلموا الناس. دعاهم هود إلى عبادة الله وترك الكبر والظلم، لكنهم استكبروا وقالوا: من أشد منا قوة؟ استمر هود في دعوتهم بالصبر والحكمة، فلما أصروا على الكفر أرسل الله عليهم ريحاً صرصراً عاتية سبع ليال وثمانية أيام حسوماً، دمرت كل شيء وأهلكتهم. نجى الله هوداً والمؤمنين معه. قال تعالى: فَأَمَّا عَادٌ فَاسْتَكْبَرُوا فِي الْأَرْضِ بِغَيْرِ الْحَقِّ.","من قال لا إله إلا الله وحده لا شريك له مائة مرة كانت له عدل عشر رقاب","في أي سنة هجرية فرض الصيام؟ (الجواب: السنة الثانية للهجرة)"
5,"بسم الله الذي لا يضر مع اسمه شيء","آية الصيام: نزلت لتوضيح أحكام الصيام وأوقاته، وفيها بيان أن الصيام كان مفروضاً على الأمم السابقة أيضاً لتحقيق التقوى. (سورة البقرة: الآية 183)","نبي الله صالح عليه السلام أرسله الله إلى قوم ثمود الذين كانوا ينحتون البيوت في الجبال. طلبوا من صالح معجزة، فأخرج الله لهم ناقة عظيمة من صخرة صماء، وأمرهم صالح أن يتركوها تشرب وتأكل في أرض الله ولا يمسوها بسوء. كانت الناقة آية عظيمة، لها يوم تشرب فيه كل ماء البئر ويشربون لبنها، ولهم يوم يشربون فيه الماء. لكن الكافرين منهم عقروا الناقة عصياناً وتكبراً، فأنذرهم صالح بعذاب قريب. بعد ثلاثة أيام أخذتهم الصيحة فأصبحوا جاثمين في ديارهم. قال تعالى: وَإِلَىٰ ثَمُودَ أَخَاهُمْ صَالِحًا.","المؤمن القوي خير وأحب إلى الله من المؤمن الضعيف","كم عدد السور المكية في القرآن الكريم تقريباً؟ (الجواب: حوالي 86 سورة)"
6,"الحمد لله رب العالمين","آية الظلم: نزلت في شأن الشرك، حين قال الصحابة: وأينا لم يظلم نفسه؟ فبين الله أن الظلم المقصود هنا هو الشرك بالله. (سورة الأنعام: الآية 82)","نبي الله لوط عليه السلام ابن أخي إبراهيم، آمن بإبراهيم وهاجر معه. أرسله الله إلى قوم سدوم الذين كانوا يرتكبون الفاحشة العظيمة التي لم يسبقهم بها أحد من العالمين. دعاهم لوط إلى ترك هذه الفاحشة والعودة إلى الفطرة السليمة، وعرض عليهم الزواج من بناته، لكنهم استكبروا واستمروا في ضلالهم بل وهددوه بالطرد. لما بلغ الأمر مداه، أرسل الله الملائكة فأعمى أبصار القوم، ثم أمر لوطاً أن يخرج بأهله ليلاً. رفع الله قراهم ثم قلبها عليهم وأمطرهم بحجارة من سجيل. قال تعالى: أَتَأْتُونَ الْفَاحِشَةَ مَا سَبَقَكُم بِهَا مِنْ أَحَدٍ مِّنَ الْعَالَمِينَ.","من كان يؤمن بالله واليوم الآخر فليقل خيراً أو ليصمت","ما اسم السورة التي تعدل ثلث القرآن؟ (الجواب: سورة الإخلاص)"
7,"لا حول ولا قوة إلا بالله","آية التوبة: نزلت في الثلاثة الذين تخلفوا عن غزوة تبوك، ففيها بيان أن الله يقبل التوبة من عباده ويعفو عن السيئات. (سورة التوبة: الآية 118)","نبي الله إسماعيل عليه السلام الابن البكر لإبراهيم من هاجر. عندما كان صبياً رأى إبراهيم في المنام أنه يذبحه، فلما أخبره بالرؤيا قال إسماعيل بكل تسليم: يَا أَبَتِ افْعَلْ مَا تُؤْمَرُ سَتَجِدُنِي إِن شَاءَ اللَّهُ مِنَ الصَّابِرِينَ. استسلم للأمر الإلهي فلما هم إبراهيم بالذبح افتداه الله بكبش عظيم. نشأ إسماعيل في مكة، وساعد أباه في بناء البيت الحرام ورفع قواعد الكعبة. كان نبياً رسولاً صادق الوعد، يأمر أهله بالصلاة والزكاة، ومن نسله جاء خاتم الأنبياء محمد صلى الله عليه وسلم.","الدين النصيحة، قلنا: لمن؟ قال: لله ولكتابه ولرسوله ولأئمة المسلمين وعامتهم","كم مرة ذكرت كلمة رمضان في القرآن الكريم؟ (الجواب: مرة واحدة)"
8,"اللهم إني أعوذ بك من الهم والحزن","سورة الفاتحة: أم الكتاب وأم القرآن، نزلت جملة واحدة بمكة، وهي ركن أساسي في الصلاة فلا تصح الصلاة إلا بها. (سورة الفاتحة كاملة)","نبي الله إسحاق عليه السلام ابن إبراهيم من زوجته سارة. ولد بعد أن تقدم إبراهيم وسارة في السن، فكانت ولادته بشرى من الله ومعجزة. بشرت الملائكة إبراهيم بإسحاق ومن وراء إسحاق يعقوب. نشأ في بيت النبوة فورث من أبيه الدعوة إلى التوحيد والصبر على البلاء. كان نبياً كريماً يدعو قومه في بلاد الشام إلى عبادة الله وحده. من ذريته جاء أنبياء عظام من بني إسرائيل مثل يعقوب ويوسف وموسى وعيسى عليهم السلام. قال تعالى: وَبَشَّرْنَاهُ بِإِسْحَاقَ نَبِيًّا مِّنَ الصَّالِحِينَ.","من صام رمضان إيماناً واحتساباً غفر له ما تقدم من ذنبه","ما هي السورة التي تسمى قلب القرآن؟ (الجواب: سورة يس)"
9,"اللهم اجعلني من التوابين","آية البقرة: نزلت في قصة البقرة التي أمر الله بني إسرائيل بذبحها لكشف قاتل مجهول، وفيها درس في الطاعة السريعة لأوامر الله. (سورة البقرة: الآيات 67-73)","نبي الله يعقوب عليه السلام ابن إسحاق، ويلقب بإسرائيل أي عبد الله. كان نبياً صالحاً رزقه الله اثني عشر ولداً من بينهم يوسف وبنيامين. ابتلي بفراق ابنه الحبيب يوسف عندما ألقاه إخوته في البئر وهو صغير، فحزن حزناً شديداً حتى ابيضت عيناه من الحزن. صبر يعقوب على هذا البلاء عشرات السنين وهو يردد: فَصَبْرٌ جَمِيلٌ وَاللَّهُ الْمُسْتَعَانُ. لم يفقد الأمل في رحمة الله، وظل يدعو ويحتسب. بعد سنين طويلة رد الله عليه ابنه يوسف وعاد إليه بصره ببركة قميص يوسف. قال تعالى: إِنَّهُ لَا يَيْأَسُ مِن رَّوْحِ اللَّهِ إِلَّا الْقَوْمُ الْكَافِرُونَ.","من قام رمضان إيماناً واحتساباً غفر له ما تقدم من ذنبه","من هو النبي الذي سمي بالذبيح؟ (الجواب: إسماعيل عليه السلام في أحد الأقوال)"
10,"اللهم إني أسألك الجنة","آية الوضوء: نزلت في بيان كيفية الوضوء وفرائضه وسننه، وهي من آيات الأحكام المهمة في العبادات. (سورة المائدة: الآية 6)","نبي الله يوسف عليه السلام الصديق الكريم ابن يعقوب. حسده إخوته على حب أبيه له فألقوه في البئر وهو صغير. التقطته قافلة وباعوه عبداً في مصر. نشأ في بيت عزيز مصر، فراودته امرأة العزيز عن نفسه فاستعصم وآثر السجن على المعصية قائلاً: رَبِّ السِّجْنُ أَحَبُّ إِلَيَّ مِمَّا يَدْعُونَنِي إِلَيْهِ. في السجن فسر رؤيا الملك فأخرجه وجعله على خزائن مصر لأمانته وعلمه. جاءه إخوته يطلبون الطعام في سنين الجدب فعفا عنهم وجمع الله شمله بأهله. قال تعالى: إِنَّهُ مَن يَتَّقِ وَيَصْبِرْ فَإِنَّ اللَّهَ لَا يُضِيعُ أَجْرَ الْمُحْسِنِينَ.","تعرض الأعمال يوم الاثنين والخميس فأحب أن يعرض عملي وأنا صائم","ما هي أول آية نزلت من القرآن الكريم؟ (الجواب: اقرأ باسم ربك الذي خلق)"
11,"سبحان الله عدد خلقه","آية الرجم: كانت آية منسوخة التلاوة باقية الحكم، وفيها عبرة أن بعض القرآن نسخ تلاوته لكن بقي حكمه في الشريعة.","نبي الله أيوب عليه السلام ضرب المثل في الصبر على البلاء العظيم. كان نبياً غنياً صاحب مال وأولاد وصحة، فابتلاه الله بفقد ماله وأولاده ثم بمرض شديد أصاب جسده كله ولم يبق منه سليماً إلا قلبه ولسانه يذكر الله بهما. استمر المرض سنوات طويلة حتى ابتعد عنه الناس إلا زوجته الصابرة المحتسبة. لم يجزع أيوب ولم يشتك لمخلوق، بل صبر واحتسب وظل يذكر الله ويشكره. لما رأى الله صبره وإخلاصه، أمره أن يضرب برجله الأرض فنبع ماء، فاغتسل منه فشفاه الله ورد عليه صحته وماله وأولاده. قال تعالى: إِنَّا وَجَدْنَاهُ صَابِرًا نِّعْمَ الْعَبْدُ إِنَّهُ أَوَّابٌ.","ليس الصيام من الأكل والشرب، إنما الصيام من اللغو والرفث","كم عدد أجزاء القرآن الكريم؟ (الجواب: 30 جزءاً)"
12,"اللهم صل على محمد وآل محمد","آية المباهلة: نزلت في دعوة نصارى نجران للمباهلة، فدعاهم النبي للمباهلة مع أهل بيته فامتنعوا لعلمهم بصدقه ونبوته. (سورة آل عمران: الآية 61)","نبي الله شعيب عليه السلام أرسله الله إلى أهل مدين وأصحاب الأيكة. كان قومه يبخسون الناس أشياءهم ويطففون في الكيل والميزان، فينقصون في البيع ويزيدون في الشراء ظلماً للناس. دعاهم شعيب إلى عبادة الله وحده، وإلى العدل في المعاملات وإيفاء الكيل والميزان بالقسط. كان خطيباً فصيحاً يعظهم بالحكمة والموعظة الحسنة، ويحذرهم من عذاب الله. لكنهم استكبروا واستهزؤوا به وهددوه بالرجم والطرد. لما أصروا على الظلم والطغيان، أرسل الله عليهم عذاباً من السماء فأخذتهم الرجفة والصيحة فأصبحوا في ديارهم جاثمين. قال تعالى: وَيَا قَوْمِ أَوْفُوا الْمِكْيَالَ وَالْمِيزَانَ بِالْقِسْطِ.","من فطر صائماً كان له مثل أجره من غير أن ينقص من أجر الصائم شيء","ما هي السورة التي نزلت كاملة دفعة واحدة؟ (الجواب: سورة المدثر أو الفاتحة)"
13,"اللهم إني أعوذ بك من النار","آية المواريث: نزلت في توزيع الميراث بالعدل بين الرجال والنساء، وفيها بيان حق كل وارث من الأقارب. (سورة النساء: الآيات 11-12)","نبي الله موسى عليه السلام كليم الله، من أعظم أنبياء بني إسرائيل. ولد في زمن فرعون الطاغية الذي كان يقتل الأطفال الذكور. ألقته أمه في اليم فالتقطه آل فرعون فنشأ في قصر فرعون بحفظ الله. لما كبر وقتل رجلاً خطأ هرب إلى مدين، وهناك تزوج ورعى الغنم سنوات. كلمه الله عند الشجرة وأرسله إلى فرعون بالآيات التسع. واجه فرعون وسحرته فأيده الله بالمعجزات، ثم أغرق فرعون وجنوده في البحر ونجى موسى وبني إسرائيل. أنزل الله عليه التوراة ورفعه لمناجاته أربعين ليلة. قال تعالى: وَكَلَّمَ اللَّهُ مُوسَىٰ تَكْلِيمًا.","إذا دخل رمضان فتحت أبواب الجنة وغلقت أبواب النار وصفدت الشياطين","من هو أولو العزم من الرسل؟ (الجواب: نوح وإبراهيم وموسى وعيسى ومحمد عليهم السلام)"
14,"اللهم إني أسألك العفو والعافية","آية الغار: نزلت في هجرة النبي وأبي بكر، إذ قال النبي لصاحبه في الغار: لا تحزن إن الله معنا. (سورة التوبة: الآية 40)","نبي الله هارون عليه السلام أخو موسى الأكبر، جعله الله نبياً ووزيراً لموسى يعينه في دعوته. كان فصيح اللسان حكيماً في الكلام، فطلب موسى من الله أن يجعله معه ردءاً يساعده. شاركه في مواجهة فرعون والدعوة إلى التوحيد، وكان نعم المعين والناصر لأخيه. لما ذهب موسى لميقات ربه، استخلف هارون على بني إسرائيل، فعبدوا العجل في غيابه فأنكر عليهم لكنهم كادوا يقتلونه. كان صابراً حليماً، يدعو قومه بالرفق واللين. توفي قبل موسى ودفن في سيناء. قال تعالى: وَاجْعَل لِّي وَزِيرًا مِّنْ أَهْلِي * هَارُونَ أَخِي.","الصيام جنة فإذا كان يوم صوم أحدكم فلا يرفث ولا يصخب","كم سنة دعا نوح قومه؟ (الجواب: 950 سنة)"
15,"الله أكبر كبيراً والحمد لله كثيراً","آية التيمم: نزلت في عائشة حين فقدت عقدها في السفر وتأخر الناس في البحث عنه، فأنزل الله رخصة التيمم عند فقد الماء. (سورة المائدة: الآية 6)","نبي الله يوشع بن نون فتى موسى ووصيه وقائد بني إسرائيل بعده. صحب موسى في رحلته للقاء الخضر، وكان من المؤمنين الصابرين. بعد وفاة موسى قاد بني إسرائيل لفتح بيت المقدس والأرض المقدسة. في إحدى المعارك كادت الشمس تغرب قبل انتهاء القتال يوم الجمعة، فدعا الله أن تتوقف الشمس حتى ينتهي من القتال قبل دخول السبت، فاستجاب الله له وحبست الشمس حتى فتح بيت المقدس. كان قائداً شجاعاً مؤمناً، قاد قومه بالحكمة والعدل. قال تعالى عنه وعن كالب: رَجُلَانِ مِنَ الَّذِينَ يَخَافُونَ أَنْعَمَ اللَّهُ عَلَيْهِمَا.","من قام ليلة القدر إيماناً واحتساباً غفر له ما تقدم من ذنبه","ما هي أطول سورة في القرآن؟ (الجواب: سورة البقرة)"
16,"أعوذ بكلمات الله التامات من شر ما خلق","آية الحجاب: نزلت في أمر نساء المؤمنين بإرخاء الجلباب عليهن، صيانة لهن وتكريماً وتمييزاً لهن. (سورة الأحزاب: الآية 59)","نبي الله إلياس عليه السلام من أنبياء بني إسرائيل، أرسله الله إلى قوم يعبدون صنماً اسمه بعل. دعاهم إلياس إلى ترك عبادة الأصنام والعودة إلى عبادة الله الواحد، لكن ملكهم وأكثر قومه عاندوا وأصروا على الشرك. قاسى إلياس الأذى الشديد من قومه، وصبر على دعوتهم سنوات طويلة رغم قلة من آمن معه. كان قوياً في الحق لا يخاف في الله لومة لائم، يأمرهم بالمعروف وينهاهم عن المنكر. استمر في جهاده حتى رفعه الله إليه، وأكرمه بالذكر الحسن. قال تعالى: وَإِنَّ إِلْيَاسَ لَمِنَ الْمُرْسَلِينَ * إِذْ قَالَ لِقَوْمِهِ أَلَا تَتَّقُونَ.","ذهب الظمأ وابتلت العروق وثبت الأجر إن شاء الله","ما هي أقصر سورة في القرآن؟ (الجواب: سورة الكوثر)"
17,"رضيت بالله رباً وبالإسلام ديناً","آية الكلالة: نزلت في شأن من يموت وليس له والد ولا ولد، وفيها بيان كيفية توزيع الميراث على إخوته وأخواته. (سورة النساء: الآية 176)","نبي الله اليسع عليه السلام خليفة إلياس في الدعوة إلى الله. بعد رفع إلياس، واصل اليسع نفس المهمة في دعوة بني إسرائيل إلى التوحيد وترك عبادة الأصنام. كان من الأنبياء الصالحين المصطفين الأخيار، يدعو قومه بالحكمة والصبر رغم عنادهم. أيده الله بالمعجزات والآيات ليثبت صدق دعوته، وحفظه من كيد الأعداء. عاش حياته مجاهداً في سبيل الله، آمراً بالمعروف ناهياً عن المنكر. ذكره الله في القرآن مع الأنبياء الكرام تكريماً له. قال تعالى: وَإِسْمَاعِيلَ وَالْيَسَعَ وَيُونُسَ وَلُوطًا وَكُلًّا فَضَّلْنَا عَلَى الْعَالَمِينَ.","سيد الاستغفار: اللهم أنت ربي لا إله إلا أنت خلقتني وأنا عبدك","كم عدد السجدات في القرآن الكريم؟ (الجواب: 15 سجدة)"
18,"اللهم إني أسألك حبك وحب من يحبك","آية النجوى: نزلت في شأن المناجاة بين يدي الرسول، فأمر من يريد مناجاته أن يتصدق أولاً، ثم نسخ الحكم للتيسير. (سورة المجادلة: الآية 12)","نبي الله داود عليه السلام آتاه الله النبوة والملك معاً، فكان ملكاً عادلاً ونبياً عابداً. أنزل الله عليه الزبور، ورزقه صوتاً جميلاً تسبح معه الجبال والطير. ألان الله له الحديد فكان يصنع الدروع بيديه ولا يأكل إلا من عمل يده. كان كثير العبادة، يصوم يوماً ويفطر يوماً، ويقوم نصف الليل. حكم بين الناس بالعدل والقسط، فأحبه الناس وهابوه. قتل جالوت الجبار وهو شاب بمقلاع وحجر، فنصره الله. من ذريته جاء سليمان النبي. قال تعالى: يَا دَاوُودُ إِنَّا جَعَلْنَاكَ خَلِيفَةً فِي الْأَرْضِ فَاحْكُم بَيْنَ النَّاسِ بِالْحَقِّ.","الصدقة تطفئ الخطيئة كما يطفئ الماء النار","من هو النبي الذي لقب بخليل الله؟ (الجواب: إبراهيم عليه السلام)"
19,"لا إله إلا أنت سبحانك إني كنت من الظالمين","آية السيف: نزلت في شأن قتال المشركين المعتدين، وفيها أحكام القتال والجهاد في سبيل الله والدفاع عن الدين. (سورة التوبة: الآية 5)","نبي الله سليمان عليه السلام ابن داود، ورث منه النبوة والملك وهو شاب. آتاه الله ملكاً عظيماً لم يؤت أحداً قبله ولا بعده، فسخر له الجن والإنس والطير والريح. كان يفهم لغة الطير والنمل وجميع الحيوانات. بنى المسجد الأقصى ببناء عظيم، واستخدم الجن في البناء والصناعات. دعته ملكة سبأ بلقيس وقومها فدعاهم إلى الإسلام فأسلموا. كان حكيماً في القضاء، يحكم بالعدل بين الناس. سأل الله ملكاً لا ينبغي لأحد من بعده فأعطاه الله ذلك. قال تعالى: فَسَخَّرْنَا لَهُ الرِّيحَ تَجْرِي بِأَمْرِهِ رُخَاءً حَيْثُ أَصَابَ.","من أنفق زوجين في سبيل الله دعي من أبواب الجنة","من هو النبي الذي لقب بكليم الله؟ (الجواب: موسى عليه السلام)"
20,"اللهم إني أعوذ بك من زوال نعمتك","آية الهجرة: وَمَن يُهَاجِرْ فِي سَبِيلِ اللَّهِ، نزلت في فضل الهجرة في سبيل الله وأن الله يجعل للمهاجر مخرجاً ورزقاً. (سورة النساء: الآية 100)","نبي الله زكريا عليه السلام من أنبياء بني إسرائيل الصالحين، كان كافلاً لمريم بنت عمران. كان نجاراً يأكل من عمل يده، عابداً قانتاً لله في الليل والنهار. لما بلغ الشيخوخة ولم يرزق بولد، ورأى كرامة مريم وأن الله يرزقها من حيث لا تحتسب، دعا ربه أن يهبه ولداً صالحاً رغم كبر سنه وعقم زوجته. قال: رَبِّ هَبْ لِي مِن لَّدُنكَ ذُرِّيَّةً طَيِّبَةً. استجاب الله دعاءه وبشرته الملائكة بيحيى وهو قائم يصلي في المحراب. جعل الله له آية أن لا يكلم الناس ثلاثة أيام إلا رمزاً. قال تعالى: هُنَالِكَ دَعَا زَكَرِيَّا رَبَّهُ.","من توضأ فأحسن الوضوء خرجت خطاياه من جسده حتى تخرج من تحت أظفاره","كم عدد أنبياء الله المذكورين في القرآن؟ (الجواب: 25 نبياً ورسولاً)"
21,"سبحان ربي الأعلى","آية القصاص: نزلت في شأن القصاص في القتلى، وفيها النفس بالنفس والعين بالعين، وأن في القصاص حياة للمجتمع. (سورة البقرة: الآية 178-179)","نبي الله يحيى عليه السلام ابن زكريا، ولد بمعجزة بعد دعاء أبيه وبشارة الملائكة. سماه الله يحيى ولم يجعل له من قبل سمياً. كان نبياً منذ صغره، قال الله: وَآتَيْنَاهُ الْحُكْمَ صَبِيًّا. كان تقياً عابداً زاهداً في الدنيا، صواماً قواماً باراً بوالديه. لبس الصوف والشعر وأكل من نبات البرية، يدعو الناس إلى التوبة والطهارة. شهد لعيسى عليه السلام وبشر به. كان شجاعاً يأمر بالمعروف وينهى عن المنكر، فلما أنكر على ملك ظالم زواجه من محرمة قتله الملك ظلماً. استشهد شاباً وهو من خيار أنبياء الله. قال تعالى: وَسَلَامٌ عَلَيْهِ يَوْمَ وُلِدَ وَيَوْمَ يَمُوتُ.","اللهم إنك عفو تحب العفو فاعف عني","في أي سورة ذكرت قصة أصحاب الكهف؟ (الجواب: سورة الكهف)"
22,"اللهم اغفر لي ذنبي كله","آية التحريم: نزلت حين حرم النبي على نفسه العسل أو مارية لإرضاء بعض أزواجه، فأنزل الله أن له التحلل من يمينه. (سورة التحريم: الآية 1)","نبي الله عيسى عليه السلام ابن مريم العذراء، ولد بقدرة الله من غير أب معجزة للعالمين. كلم الناس في المهد صبياً فقال: إِنِّي عَبْدُ اللَّهِ آتَانِيَ الْكِتَابَ وَجَعَلَنِي نَبِيًّا. أيده الله بمعجزات عظيمة: يحيي الموتى ويبرئ الأكمه والأبرص ويخلق من الطين طيراً بإذن الله. أنزل الله عليه الإنجيل وأرسله لبني إسرائيل. اختار من تلاميذه الحواريين الاثني عشر. لما أراد اليهود قتله رفعه الله إليه وألقى شبهه على آخر. لم يقتل ولم يصلب، بل رفع حياً إلى السماء. سينزل آخر الزمان ليكسر الصليب ويقتل الدجال. قال تعالى: مَا الْمَسِيحُ ابْنُ مَرْيَمَ إِلَّا رَسُولٌ.","إن لله تعالى في كل ليلة من رمضان عتقاء من النار","ما هي السورة التي تسمى بسورة الفرائض؟ (الجواب: سورة النساء)"
23,"اللهم أعني على ذكرك وشكرك","آية الطلاق: نزلت في بيان أحكام الطلاق والعدة وحقوق المطلقات، وفيها حفظ حقوق المرأة المطلقة والأطفال. (سورة الطلاق: الآية 1-7)","نبي الله آدم عليه السلام أبو البشر وأول إنسان خلقه الله. خلقه الله بيديه من تراب ثم نفخ فيه من روحه، وعلمه الأسماء كلها. أمر الله الملائكة بالسجود له تكريماً فسجدوا إلا إبليس استكبر. أسكنه الله الجنة مع زوجته حواء، وحذرهما من الشجرة، لكن الشيطان وسوس لهما فأكلا منها، فأهبطهما الله إلى الأرض. تاب آدم وأناب إلى الله فتاب عليه، ثم جعله خليفة في الأرض. علم أولاده الزراعة والصناعة والعبادة. عاش مئات السنين يدعو ذريته إلى عبادة الله. قال تعالى: إِنَّ اللَّهَ اصْطَفَىٰ آدَمَ وَنُوحًا وَآلَ إِبْرَاهِيمَ وَآلَ عِمْرَانَ عَلَى الْعَالَمِينَ.","بني الإسلام على خمس: شهادة أن لا إله إلا الله وأن محمداً رسول الله","ما اسم زوجة فرعون المؤمنة؟ (الجواب: آسية بنت مزاحم)"
24,"اللهم إني أسألك الثبات في الأمر","آية الزكاة: وَأَقِيمُوا الصَّلَاةَ وَآتُوا الزَّكَاةَ، نزلت في فرض الزكاة على المسلمين طهرة لأموالهم وتزكية لنفوسهم. (سورة البقرة: الآية 43)","نبي الله إدريس عليه السلام من الأنبياء الأوائل بعد آدم وقبل نوح. كان صديقاً نبياً صابراً شاكراً لأنعم الله. أول من علم الناس الكتابة بالقلم وعلوم الفلك والحساب، وأول من خاط الثياب ولبسها بعد أن كان الناس يلبسون الجلود. دعا قومه إلى عبادة الله الواحد والعمل الصالح. كان كثير الصلاة والصيام والذكر، يصوم من الشهر أياماً معدودات. رفعه الله مكاناً علياً كما ذكر في القرآن: وَرَفَعْنَاهُ مَكَانًا عَلِيًّا. اختلف في مكان رفعه، وهو جد نوح عليه السلام. قال تعالى: وَاذْكُرْ فِي الْكِتَابِ إِدْرِيسَ إِنَّهُ كَانَ صِدِّيقًا نَّبِيًّا.","المسلم من سلم المسلمون من لسانه ويده","كم عدد أبواب الجنة؟ (الجواب: ثمانية أبواب)"
25,"لا إله إلا الله العظيم الحليم","آية الأمانة: إِنَّ اللَّهَ يَأْمُرُكُمْ أَن تُؤَدُّوا الْأَمَانَاتِ، نزلت في وجوب أداء الأمانات إلى أهلها والحكم بالعدل بين الناس. (سورة النساء: الآية 58)","نبي الله ذو الكفل عليه السلام من الأنبياء الصالحين المذكورين في القرآن الكريم. اختلف في اسمه الحقيقي، وسمي ذا الكفل لأنه تكفل بقومه أو تكفل بطاعة الله. كان صابراً محتسباً في العبادة والدعوة إلى الله، يحكم بين الناس بالعدل والقسط. روي أنه كان يصلي مئة ركعة كل يوم ويصوم الدهر، ولا ينام من الليل إلا قليلاً. تحمل مسؤولية الدعوة والحكم بأمانة، فأحبه الناس وأطاعوه. ذكره الله مع الأنبياء الصابرين الأبرار. قال تعالى: وَإِسْمَاعِيلَ وَإِدْرِيسَ وَذَا الْكِفْلِ كُلٌّ مِّنَ الصَّابِرِينَ.","أحب الأعمال إلى الله أدومها وإن قل","ما اسم الجبل الذي استوت عليه سفينة نوح؟ (الجواب: جبل الجودي)"
26,"اللهم إني أسألك رضاك والجنة","آية التقوى: إِنَّ أَكْرَمَكُمْ عِندَ اللَّهِ أَتْقَاكُمْ، نزلت في بيان أن التفاضل عند الله بالتقوى لا بالحسب والنسب والمال. (سورة الحجرات: الآية 13)","نبي الله يونس عليه السلام ذو النون صاحب الحوت. أرسله الله إلى أهل نينوى في العراق فدعاهم لكنهم كذبوه. غضب منهم وخرج من بلدهم قبل أن يأذن الله له، فركب سفينة في البحر. هاج البحر فأجمعوا على إلقاء أحدهم، فأصابته القرعة فألقى نفسه في البحر. ابتلعه حوت عظيم، فظن أنه قد مات، فنادى في الظلمات: لَّا إِلَٰهَ إِلَّا أَنتَ سُبْحَانَكَ إِنِّي كُنتُ مِنَ الظَّالِمِينَ. استجاب الله له ونجاه من الغم، فألقاه الحوت على الشاطئ. رجع إلى قومه فوجدهم قد آمنوا فمتعهم الله. قال تعالى: فَلَوْلَا أَنَّهُ كَانَ مِنَ الْمُسَبِّحِينَ * لَلَبِثَ فِي بَطْنِهِ إِلَىٰ يَوْمِ يُبْعَثُونَ.","خيركم من تعلم القرآن وعلمه","في أي غزوة كانت غزوة بدر الكبرى؟ (الجواب: السنة الثانية للهجرة)"
27,"اللهم اجعل القرآن ربيع قلبي","آية البر: لَّيْسَ الْبِرَّ أَن تُوَلُّوا وُجُوهَكُمْ، نزلت في بيان حقيقة البر أنه ليس مجرد استقبال جهة معينة بل العمل الصالح الشامل. (سورة البقرة: الآية 177)","نبي الله محمد صلى الله عليه وسلم خاتم الأنبياء والمرسلين وسيدهم. ولد يتيماً في مكة من بني هاشم، ونشأ أميناً صادقاً يلقب بالأمين. بعثه الله على رأس الأربعين بالقرآن المعجز، فدعا إلى التوحيد فعاداه قومه وآذوه. صبر ثلاث عشرة سنة في مكة ثم هاجر إلى المدينة. أقام دولة الإسلام وجاهد حتى فتح مكة ودخل الناس في دين الله أفواجاً. أنزل الله عليه القرآن الكريم معجزة خالدة. أرسله الله رحمة للعالمين ليتمم مكارم الأخلاق. توفي بعد أن بلغ الرسالة وأدى الأمانة. قال تعالى: وَمَا أَرْسَلْنَاكَ إِلَّا رَحْمَةً لِّلْعَالَمِينَ.","صلوا كما رأيتموني أصلي","ما هي الليلة التي خير من ألف شهر؟ (الجواب: ليلة القدر)"
28,"اللهم اجعلني من الذاكرين الشاكرين","آية الصبر: يَا أَيُّهَا الَّذِينَ آمَنُوا اسْتَعِينُوا بِالصَّبْرِ وَالصَّلَاةِ، نزلت في الحث على الصبر والاستعانة بالصلاة عند الشدائد. (سورة البقرة: الآية 153)","السيدة مريم بنت عمران العذراء الطاهرة، اصطفاها الله وطهرها على نساء العالمين. نذرتها أمها لخدمة بيت المقدس، فتقبلها الله بقبول حسن وكفلها زكريا. كانت عابدة قانتة، كلما دخل عليها زكريا المحراب وجد عندها رزقاً. بشرتها الملائكة بعيسى فتعجبت: أَنَّىٰ يَكُونُ لِي غُلَامٌ وَلَمْ يَمْسَسْنِي بَشَرٌ؟ حملت بعيسى بنفخة من الروح، ولما جاءها المخاض اعتزلت الناس. ولدت عيسى تحت النخلة، فأمرها الله أن تهز الجذع فيتساقط عليها الرطب. رجعت لقومها فكلمهم عيسى من المهد دفاعاً عن أمه. ذكرها الله في القرآن وجعلها وابنها آية للعالمين. قال تعالى: إِنَّ اللَّهَ اصْطَفَاكِ وَطَهَّرَكِ وَاصْطَفَاكِ عَلَىٰ نِسَاءِ الْعَالَمِينَ.","إن الله وملائكته يصلون على النبي يا أيها الذين آمنوا صلوا عليه وسلموا تسليماً","كم عدد أركان الإيمان؟ (الجواب: ستة أركان)"
29,"اللهم تقبل منا إنك أنت السميع العليم","آية الشهادة: فَمَن شَهِدَ مِنكُمُ الشَّهْرَ فَلْيَصُمْهُ، نزلت في فرض صيام شهر رمضان على كل من شهده مقيماً صحيحاً. (سورة البقرة: الآية 185)","السيدة خديجة بنت خويلد رضي الله عنها أم المؤمنين وأول من آمن بالنبي من النساء والرجال. كانت سيدة تاجرة شريفة تلقب بالطاهرة. تزوجت النبي قبل البعثة، فلما بعث صدقته فوراً وثبتته وواستته بنفسها ومالها. قالت له حين نزل الوحي: كَلَّا وَاللَّهِ لَا يُخْزِيكَ اللَّهُ أَبَدًا. عاشت معه خمساً وعشرين سنة تحمل معه أعباء الدعوة. أنجبت له كل أولاده إلا إبراهيم. لم يتزوج عليها في حياتها، وظل يذكرها بالخير بعد وفاتها. بشرها جبريل ببيت في الجنة من قصب لا صخب فيه ولا نصب. قال تعالى عن نساء النبي: وَقَرْنَ فِي بُيُوتِكُنَّ.","إنما يتقبل الله من المتقين","ما هو اسم ناقة صالح عليه السلام؟ (الجواب: ناقة الله)"
30,"اللهم بلغنا ليلة القدر","آية الختم: الْيَوْمَ أَكْمَلْتُ لَكُمْ دِينَكُمْ، نزلت في حجة الوداع معلنة اكتمال الدين الإسلامي وتمام نعمة الله على المؤمنين. (سورة المائدة: الآية 3)","الصحابة الكرام رضوان الله عليهم أصحاب النبي محمد الذين آمنوا به ونصروه وآووه. منهم السابقون الأولون من المهاجرين والأنصار الذين بايعوا تحت الشجرة. قدموا أرواحهم وأموالهم في سبيل الله، وحملوا رسالة الإسلام للعالم. صبروا على الأذى والتعذيب في مكة، وجاهدوا في سبيل الله في المدينة. منهم الخلفاء الراشدون والعشرة المبشرون بالجنة. نقلوا لنا القرآن والسنة بأمانة وإخلاص، وفتحوا البلاد ونشروا الإسلام. رضي الله عنهم أجمعين. قال تعالى: مُّحَمَّدٌ رَّسُولُ اللَّهِ وَالَّذِينَ مَعَهُ أَشِدَّاءُ عَلَى الْكُفَّارِ رُحَمَاءُ بَيْنَهُمْ.","لا يزال لسانك رطباً من ذكر الله","ما هي أعظم آية في القرآن الكريم؟ (الجواب: آية الكرسي)"
